Top_depth(m),resistivity(ohm-m)
-9.9999999999999998083559617243737e+149,1000000000000
0,0.29999999999999998889776975374843
1000,1
2000,100
2100,1

