Top_depth(m),resistivity(ohm-m)
-1.797693134862315708145274237317e+308,1000000000000
0,0.29999999999999998889776975374843
1000,1
2000,100
2100,1

